RA,Dec,Vel,z,Cl_d,Delta,Rf,plt.mjd.fiber,M(parn),M(ave),M(IPn),M(IP),Act
9.70422,-9.78955,15703,0.052216,3.24,1.26941,-20.344,0655.52162.263,3.40909,Sb/Sc,3.0,Sb,TO
9.71292,-8.736302,16762,0.054569,3.38,1.36225,-18.944,0655.52162.366,4.2,Sc,1.5,S0/Sa,SFG
9.7695,-9.672946,17086,NA,2.83,1.18715,-20.721,No_SDSS_Spec,1.15,S0,1.5,S0/sa,UNK
9.7782,-8.799531,16521,0.054804,3.06,1.36225,-21.156,0655.52162.406,1.325,S0/Sa,0.3,E,LLA
9.785745,-8.90607,16843,0.056197,2.82,1.30075,-36.809,0655.52162.405,1.63333,S0/Sa,0.7,E/S0,NoE
9.875145,-9.695159,16350,NA,2.54,1.23144,-18.48,No_SDSS_Spec,2.58,Sa/Sb,4.0,Sc,UNK
9.878415,-9.983502,15556,0.053109,3.23,1.07574,-20.196,0655.52162.221,3.65,Sb/Sc,3.5,Sb/Sc,SFG
9.8865,-10.077843,16679,NA,3.48,1.0704,-18.267,No_SDSS_Spec,4.07692,Sc,4.0,Sc,UNK
9.892035,-8.733404,16089,0.054045,2.9,2.02751,-19.909,0655.52162.409,1.12,S0,2.0,Sa,NoE
9.898725,-9.241792,17177,0.057368,2.04,1.26587,-20.957,0655.52162.478,1.325,S0/Sa,2.0,Sa,NoE
9.910515,-9.988236,15957,NA,3.17,1.07574,-18.005,No_SDSS_Spec,4.25,Sc/Sdm,4.0,Sc,UNK
9.928785,-10.013941,17313,0.057364,3.2,1.0704,-20.951,0655.52162.240,0.785714,E/S0,2.0,Sa,NoE
9.93762,-8.856571,17226,0.05746,2.48,1.35839,-19.148,0655.52162.413,4.85,Sdm,5.7,Im,SFG
9.948375,-9.803155,15836,0.052914,2.58,1.06325,-19.128,0655.52162.235,2.97333,Sb,4.0,Sc,SFG
9.951645,-9.243665,17330,0.05787,1.85,1.41441,-19.878,0655.52162.472,1.975,Sa,2.5,Sa/Sb,TO
9.95448,-9.248069,16513,NA,1.83,1.41441,-20.138,No_SDSS_Spec,1.01818,S0,2.0,Sa,UNK
9.983505,-8.734532,16608,0.055531,2.68,0.92626,-20.946,0655.52162.403,0.785714,E/S0,2.0,Sa,NoE
9.996315,-9.434454,16873,0.056521,1.74,0.5954,-19.275,0655.52162.465,4.46154,Sc/Sdm,5.0,Sdm,SFG
10.00701,-9.881233,17205,0.057438,2.65,1.10785,-21.42,0655.52162.238,0.583333,E/S0,1.5,S0/Sa,NoE
10.00776,-10.101156,17458,NA,3.31,1.09831,-18.919,No_SDSS_Spec,4.57692,Sc/Sdm,4.5,Sc/Sdm,UNK
10.020345,-9.050703,16656,0.055453,1.83,1.23401,-21.181,0655.52162.415,0.416667,E,2.0,Sa,NoE
10.04304,-9.282834,14904,NA,1.51,1.25291,-17.99,No_SDSS_Spec,4.66667,Sc/Sdm,5.5,Sdm/Im,UNK
10.05225,-8.998942,16617,0.055471,1.84,1.83125,-20.092,0655.52162.459,1.2,S0,1.0,S0,NoE
10.05672,-8.966672,17995,NA,1.89,1.83125,-18.835,No_SDSS_Spec,4.69231,Sc/Sdm,4.5,Sc/Sdm,UNK
10.076265,-8.941774,15568,0.052077,1.9,1.96959,-19.254,0655.52162.444,1.41429,S0/Sa,1.0,S0,TO
10.07787,-8.882477,17924,0.059724,2.05,1.0732,-21.879,0655.52162.447,2.07778,Sa,2.0,Sa,A
10.080405,-8.975327,17814,NA,1.81,1.96959,-17.464,No_SDSS_Spec,4.68182,Sc/Sdm,5.7,Im,UNK
10.10694,-9.866868,16623,0.055491,2.4,1.34016,-19.46,0655.52162.200,2.38,Sa/Sb,1.0,S0,NoE
10.114695,-9.720131,17262,0.057621,1.95,1.80346,-20.923,0655.52162.479,0.642857,E/S0,1.0,S0,NoE
10.12053,-9.624966,16857,0.056186,1.69,2.36214,-19.804,0655.52162.471,0.9,S0,1.0,S0,NoE
10.130055,-9.344527,15699,NA,1.2,1.36176,-17.099,No_SDSS_Spec,4.3125,Sc/Sdm,5.7,Im,UNK
10.1319,-9.222225,15480,NA,1.22,1.84513,-20.333,No_SDSS_Spec,0.985714,S0,3.0,Sb,UNK
10.14327,-8.83492,17013,0.056728,2.04,0.66539,-20.323,0655.52162.446,0.866667,E/S0,0.7,E/S0,NoE
10.164525,-9.369335,14473,NA,1.09,1.10026,-18.432,No_SDSS_Spec,4.20909,Sc,5.7,Im,UNK
10.167885,-8.988923,17584,0.058729,1.55,1.33121,-19.527,0655.52162.454,0.885714,E/S0,1.5,S0/Sa,NoE
10.170255,-8.816434,15635,0.052162,2.04,0.66539,-19.211,0655.52162.441,4.3,Sc/Sdm,4.5,Sc/Sdm,SFG
10.175895,-9.47807,16140,0.05362,1.2,1.04281,-20.836,0656.52148.358,0.642857,E/S0,1.0,S0,LLA
10.1814,-8.957593,16320,0.054362,1.6,1.26619,-20.234,0655.52162.456,1.17143,S0,1.0,S0,NoE
10.18356,-9.399686,17581,0.058457,1.06,1.10026,-20.815,0655.52162.463,1.15,S0,0.7,E/S0,NoE
10.18431,-9.373076,17122,0.057184,1.03,1.10026,-20.105,0655.52162.496,1.95714,Sa,3.5,Sb/Sc,LLA
10.18929,-8.860796,17809,0.059424,1.87,1.18758,-19.718,0655.52162.442,1.63333,S0/Sa,2.0,Sa,NoE
10.193655,-8.834759,16126,0.053794,1.94,1.18758,-21.633,0655.52162.450,0.7,E/S0,0.7,E/S0,LLA
10.19499,-9.550414,17219,0.057355,1.31,0.41895,-19.726,0656.52148.357,0.885714,E/S0,1.0,S0,LLA
10.21002,-9.223104,16173,0.053978,0.95,0.66618,-20.268,0655.52162.489,0.583333,E/S0,2.0,Sa,NoE
10.214925,-9.341136,16383,NA,0.9,0.71595,-18.702,No_SDSS_Spec,3.75,Sc,1.5,S0/Sa,UNK
10.22175,-9.585146,16835,NA,1.33,0.14337,-18.928,No_SDSS_Spec,2.05385,Sa,1.5,S0/sa,UNK
10.223535,-9.10205,17009,0.056721,1.12,1.54678,-19.699,0655.52162.460,1.55833,S0/Sa,3.0,Sb,NoE
10.22619,-9.723375,16533,NA,1.73,1.80893,-18.772,No_SDSS_Spec,1.18333,S0,1.0,S0,UNK
10.242195,-8.946506,16121,0.053668,1.51,1.05683,-19.739,0655.52162.539,1.02,S0,1.0,S0,NoE
10.245375,-9.971888,16055,NA,2.53,1.4948,63.19,No_SDSS_Spec,2.0875,Sa,1.0,S0,UNK
10.246215,-8.999512,16946,0.056555,1.34,0.89347,-19.903,0655.52162.534,1.57,S0/Sa,2.0,Sa,NoE
10.25781,-9.209226,16199,0.053934,0.8,0.89868,-21.365,0655.52162.492,0.3,E,1.0,S0,LLA
10.259655,-8.854499,17038,0.056752,1.77,0.45976,-19.193,0655.52162.527,1.29,S0/Sa,1.0,S0,NoE
10.273155,-9.192139,16673,NA,0.78,2.00081,-21.48,No_SDSS_Spec,0.416667,E,0.3,E,UNK
10.27488,-9.017866,16846,NA,1.23,0.3817,-18.774,No_SDSS_Spec,1.39,S0/Sa,1.0,S0,UNK
10.27719,-9.29693,17462,0.058228,0.66,0.22467,-20.864,0655.52162.494,0.785714,E/S0,1.0,S0,NoE
10.27956,-9.448127,14187,0.047354,0.84,1.86331,-19.268,0655.52162.499,2.07778,Sa,1.0,S0,NoE
10.293195,-9.250293,18293,NA,0.63,2.34655,-19.102,No_SDSS_Spec,3.63846,Sb/Sc,2.5,Sa/Sb,UNK
10.296345,-9.924891,17008,0.056756,2.32,1.44667,-19.083,0655.52162.188,2.16364,Sa,4.5,Sc/Sdm,NoE
10.296735,-9.871716,17752,NA,2.13,1.44667,-19.548,No_SDSS_Spec,1.32,S0/Sa,1.5,S0/Sa,UNK
10.296795,-8.837805,16711,0.055706,1.78,0.87395,-18.973,0655.52162.529,1.49167,S0/Sa,1.0,S0,NoE
10.29906,-9.171076,16130,0.053818,0.75,1.98221,-20.777,0655.52162.535,0.833333,E/S0,1.0,S0,NoE
10.30074,-9.169602,16811,0.055936,0.75,1.98221,-21.454,0656.52148.332,0.785714,E/S0,0.3,E,NoE
10.30131,-9.343174,16767,0.055943,0.59,1.04787,-19.241,0655.52162.500,1.12,S0,2.0,Sa,NoE
10.303335,-9.534438,17156,0.057177,1.01,0.54414,-21.29,0655.52162.497,1.76364,Sa,3.5,Sb/Sc,LLA
10.303785,-9.15009,15945,0.053091,0.79,0.38667,-20.74,0655.52162.532,0.642857,E/S0,1.0,S0,NoE
10.30386,-9.038145,16548,0.055209,1.11,0.41117,-20.034,0655.52162.531,0.785714,E/S0,1.0,S0,NoE
10.30563,-8.898507,18217,0.060687,1.56,1.39935,-19.271,0655.52162.524,1.43333,S0/Sa,1.0,S0,NoE
10.305735,-9.331709,16756,NA,0.57,0.52892,-18.511,No_SDSS_Spec,2.22143,Sa,1.0,S0,UNK
10.308825,-9.311265,16293,NA,0.55,0.7394,-18.453,No_SDSS_Spec,1.825,Sa,1.5,S0/Sa,UNK
10.309125,-8.931504,15146,0.050562,1.45,1.05504,-19.424,0655.52162.540,4.83333,Sdm,5.7,Im,SFG
10.320285,-9.32721,14870,NA,0.51,0.9239,-18.674,No_SDSS_Spec,2.925,Sb,1.0,S0,UNK
10.321635,-9.368249,16715,NA,0.55,2.05363,-18.939,No_SDSS_Spec,1.45385,S0/Sa,2.0,Sa,UNK
10.324545,-9.968721,16000,0.053539,2.45,1.45638,-19.46,0656.52148.313,1.94,Sa,3.0,Sb,NoE
10.32642,-8.754137,16978,0.056632,2.04,1.31825,-19.682,0655.52162.530,1.67143,S0/sa,1.0,S0,NoE
10.32663,-9.48657,17405,0.057999,0.82,1.70156,-20.142,0656.52148.350,0.8125,E/S0,2.5,Sa/Sb,NoE
10.32705,-9.077369,17931,0.059802,0.95,0.78356,-19.115,0655.52162.538,1.55833,S0/Sa,1.0,S0,NoE
10.329,-9.197064,14115,NA,0.61,3.19522,-19.077,No_SDSS_Spec,2.74167,Sa/Sb,1.0,S0,UNK
10.32918,-9.389902,14933,0.049809,0.57,1.60961,-19.452,0656.52148.351,4.69231,Sc/Sdm,4.0,Sc,SFG
10.3293,-9.573265,17475,0.058253,1.08,0.53729,-20.2,0655.52162.493,1.17143,S0,3.0,Sb,NoE
10.331475,-9.419138,16420,0.054655,0.63,1.87209,-20.505,0656.52148.352,0.8125,E/S0,1.0,S0,NoE
10.33194,-9.245349,15311,0.051111,0.51,4.25353,-19.841,0655.52162.481,1.15,S0,1.0,S0,NoE
10.332585,-9.390837,14728,NA,0.56,1.21857,-20.264,No_SDSS_Spec,2.54286,Sa/Sb,1.5,S0/Sa,UNK
10.33287,-9.283888,16621,0.055442,0.46,2.38261,-36.809,0655.52162.487,2.04286,Sa,1.0,S0,NoE
10.338825,-8.725139,16077,0.053526,2.13,1.63872,-19.565,0655.52162.525,3.34375,Sb/Sc,4.5,Sc/Sdm,SFG
10.340715,-9.328605,16240,0.054169,0.44,1.1762,-19.778,0655.52162.485,0.866667,E/S0,1.5,S0/Sa,NoE
10.34154,-9.058668,16474,NA,0.98,1.00596,-19.904,No_SDSS_Spec,0.885714,S0,1.0,S0,UNK
10.342005,-9.878084,16350,NA,2.12,1.52376,-21.996,No_SDSS_Spec,0.583333,E/S0,0.3,E,UNK
10.34406,-9.878205,16115,0.053778,2.12,1.52376,-36.809,0655.52162.187,1.94,Sa,0.7,E,NoE
10.344225,-9.309554,17634,0.058807,0.42,1.82734,-19.292,0655.52162.484,1.32222,S0/Sa,2.0,Sa,NoE
10.34592,-9.796518,17107,NA,1.83,1.63596,-21.092,No_SDSS_Spec,0.416667,E,0.3,E,UNK
10.34775,-9.868462,16371,0.05456,2.08,1.59211,-19.52,0656.52148.308,1.63333,S0/Sa,1.0,S0,NoE
10.35147,-8.700597,16890,0.056417,2.21,1.66574,-20.545,0655.52162.521,1.7125,S0/Sa,2.0,Sa,NoE
10.35609,-9.771844,16198,0.054168,1.73,1.63596,-19.73,0656.52148.309,0.833333,E/S0,1.0,S0,NoE
10.3563,-9.654366,16305,NA,1.32,1.33002,-18.101,No_SDSS_Spec,1.69091,S0/Sa,1.5,S0/Sa,UNK
10.35636,-9.39275,17045,NA,0.49,1.89593,-18.958,No_SDSS_Spec,2.46364,Sa/Sb,1.5,S0/Sa,UNK
10.36317,-9.228632,14203,0.04729,0.44,3.56928,-21.087,0655.52162.495,3.8,Sc,4.0,Sc,TO
10.36419,-9.266197,14437,0.048138,0.37,3.44163,-19.038,0656.52148.343,4.58333,Sc/Sdm,5.7,Im,SFG
10.36617,-9.391577,14838,0.049466,0.47,1.89593,-19.387,0655.52162.488,2.68182,Sa/Sb,2.0,Sa,TO
10.36824,-9.811248,16147,0.053794,1.86,1.63596,-19.911,0655.52162.174,2.50833,Sa/Sb,2.5,Sa/Sb,NoE
10.36899,-9.574086,16003,0.053328,1.03,0.69726,-21.336,0655.52162.490,1.02857,S0,3.0,Sb,NoE
10.37007,-9.232893,14023,NA,0.41,3.56928,-21.559,No_SDSS_Spec,0.8125,S0,0.3,E,UNK
10.376385,-9.262756,13416,NA,0.34,3.85678,-22.342,No_SDSS_Spec,3.25385,Sb/Sc,4.0,Sc,UNK
10.37676,-9.235175,16372,0.05491,0.39,3.56928,-21.458,0655.52162.498,0.416667,E,2.5,Sa/Sb,NoE
10.376955,-9.359058,16364,0.054522,0.36,1.86573,-20.112,0655.52162.486,0.742857,E/S0,3.0,Sb,NoE
10.37811,-9.037462,15231,0.050835,1.0,0.48448,-20.691,0655.52162.580,0.722222,E/S0,1.0,S0,NoE
10.3791,-9.298335,17087,0.057021,0.29,3.78912,-19.432,0655.52162.512,1.2,S0,3.0,Sb,NoE
10.37967,-9.19313,16239,0.053818,0.49,2.40723,-19.338,0656.52148.335,1.36667,S0/Sa,3.0,Sb,NoE
10.380195,-9.697518,16789,0.055732,1.45,1.57427,-21.048,0656.52148.356,2.08182,Sa,3.0,Sb,NoE
10.383105,-9.333981,13796,0.045999,0.3,2.53477,-21.384,0655.52162.507,2.1,Sa,2.5,Sa/Sb,LLA
10.38429,-8.744204,17064,0.056959,2.03,1.61748,-19.959,0655.52162.579,1.67143,S0/Sa,3.5,Sb/Sc,TO
10.385535,-8.81664,18019,NA,1.77,1.6122,-18.681,No_SDSS_Spec,3.25,Sb/Sc,1.0,S0,UNK
10.388625,-9.249068,17559,0.058542,0.32,3.44978,-20.854,0656.52148.348,1.02222,S0,2.5,Sa/Sb,NoE
10.38924,-9.156503,18155,0.060505,0.59,1.33627,-21.107,0656.52148.334,0.642857,E/S0,0.7,E/S0,NoE
10.39119,-8.932345,16888,0.056225,1.36,0.39215,-20.669,0655.52162.569,1.7125,S0/Sa,1.5,S0/Sa,NoE
10.391415,-9.198085,18732,NA,0.45,1.73901,-19.179,No_SDSS_Spec,1.13333,S0,1.5,S0/Sa,UNK
10.394325,-9.378625,17800,NA,0.36,2.29785,-18.804,No_SDSS_Spec,2.95,Sb,2.5,Sa/Sb,UNK
10.39464,-9.350082,17336,NA,0.29,3.13545,-20.73,No_SDSS_Spec,0.583333,E/S0,0.3,E,UNK
10.39533,-9.363961,14220,NA,0.32,2.38358,-21.524,No_SDSS_Spec,0.642857,E/S0,1.0,S0,UNK
10.395345,-9.868019,16367,0.054535,2.05,1.39842,-19.589,0656.52148.306,1.32222,S0/Sa,3.0,Sb,TO
10.395465,-9.0132,17550,0.058593,1.07,0.33937,-20.268,0655.52162.577,1.21111,S0,0.3,E,NoE
10.395585,-9.360957,17135,0.057001,0.31,3.39898,-19.916,0655.52162.510,0.866667,E/S0,0.3,E,NoE
10.39611,-9.093306,17828,0.059383,0.79,0.90239,-19.125,0656.52148.331,2.3,Sa/Sb,1.0,S0,NoE
10.396365,-9.810204,16539,0.055266,1.84,2.12091,-19.813,0655.52162.173,1.15,S0,2.0,Sa,NoE
10.39647,-9.070434,16199,NA,0.87,0.49521,-18.343,No_SDSS_Spec,3.69231,Sb/Sc,2.0,Sa/sb,UNK
10.40001,-9.187319,16657,0.055522,0.47,1.81115,-20.305,0656.52148.337,0.866667,E/S0,0.7,E/S0,NoE
10.400895,-9.325145,16342,0.054502,0.23,3.30424,-20.478,0656.52148.342,1.03333,S0,0.3,E,LLA
10.400925,-8.99296,17969,0.05977,1.14,0.37157,-20.498,0655.52162.578,1.12,S0,2.5,Sa/Sb,NoE
10.401165,-9.309751,15616,NA,0.21,2.82401,-18.552,No_SDSS_Spec,1.43333,S0/Sa,2.0,Sa,UNK
10.40493,-9.221005,17624,0.058678,0.36,2.73694,-20.277,0656.52148.349,1.13333,S0,1.5,S0/Sa,NoE
10.405155,-9.548171,17775,0.059318,0.91,1.30521,-20.121,0656.52148.360,1.15556,S0,1.0,S0,NoE
10.40835,-9.493917,14912,NA,0.71,1.12992,-18.396,No_SDSS_Spec,4.46154,Sc/Sdm,3.0,Sb,UNK
10.41243,-9.46331,17182,0.05718,0.6,0.90846,-19.205,0656.52148.341,1.71818,S0/Sa,0.3,E,NoE
10.41426,-9.414572,17957,0.059887,0.43,2.23699,-20.561,0656.52148.359,1.025,S0,2.0,Sa,NoE
10.4151,-9.458671,16651,NA,0.58,0.90846,-20.65,No_SDSS_Spec,2.36667,Sa/Sb,1.0,S0,UNK
10.417185,-9.304288,16888,NA,0.16,2.79388,-20.969,No_SDSS_Spec,0.583333,E/S0,0.7,E/S0,UNK
10.418115,-9.171654,16379,0.054598,0.5,1.41347,-20.234,0656.52148.323,1.79,Sa,1.0,S0,LLA
10.41984,-9.275459,15445,0.054796,0.18,2.99248,-19.412,0655.52162.517,1.67143,S0/sa,0.7,E/S0,NoE
10.422105,-9.315894,14265,0.047541,0.15,2.99,-21.2,0656.52148.354,1.025,S0,0.3,E,NoE
10.42242,-9.439271,16290,0.054342,0.51,1.72159,-19.774,0655.52162.514,1.02857,S0,0.3,E,NoE
10.42698,-9.357207,14742,0.049141,0.23,2.48837,-19.068,0656.52148.353,3.15385,Sb,1.0,S0,NoE
10.427205,-9.41946,18476,NA,0.44,2.04297,-18.482,No_SDSS_Spec,3.22,Sb,5.7,Im,UNK
10.42737,-8.965964,16197,NA,1.22,0.40705,-19.159,No_SDSS_Spec,1.39,S0/Sa,1.0,S0,UNK
10.42875,-9.104231,15982,0.053303,0.73,0.18641,-19.551,0656.52148.326,1.02222,S0,2.0,Sa,NoE
10.429005,-9.439277,16854,NA,0.5,1.72337,-22.473,No_SDSS_Spec,0.416667,E,0.3,E,UNK
10.43151,-9.42513,16970,0.056421,0.45,1.75963,-19.554,0656.52148.389,1.63333,S0/Sa,2.0,Sa,LLA
10.43502,-9.440383,17457,NA,0.5,1.65806,-19.333,No_SDSS_Spec,1.95,Sa,0.7,E/S0,UNK
10.43568,-9.458735,16448,NA,0.57,1.94461,-18.623,No_SDSS_Spec,2.21818,Sa,1.0,S0,UNK
10.43664,-9.338219,13885,0.046355,0.15,2.25027,-19.938,0655.52162.506,1.60909,S0/Sa,1.0,S0,NoE
10.43934,-9.675904,17063,0.056947,1.35,1.38126,-19.987,0656.52148.392,3.52727,Sb/Sc,4.0,Sc,SFG
10.44099,-9.442977,15966,0.053248,0.51,1.65806,-19.158,0655.52162.515,2.1,Sa,3.0,Sb,NoE
10.44105,-9.162418,15475,0.051599,0.51,0.72561,-20.612,0656.52148.322,1.17143,S0,0.3,E,LLA
10.44141,-9.478984,16834,NA,0.64,0.64448,-18.479,No_SDSS_Spec,1.89167,Sa,1.0,S0,UNK
10.443945,-8.979253,16860,NA,1.17,0.40705,-18.53,No_SDSS_Spec,1.76,Sa,1.5,S0/Sa,UNK
10.44495,-9.386899,17634,0.058908,0.31,2.25115,-20.802,0655.52162.516,0.866667,E/S0,1.5,S0/Sa,LLA
10.44681,-9.137061,16584,0.055273,0.6,0.53145,-20.211,0656.52148.340,0.7,E/S0,2.0,Sa,LLA
10.448925,-9.007875,15283,NA,1.07,0.40311,-18.832,No_SDSS_Spec,2.67692,Sa/Sb,2.5,Sa/Sb,UNK
10.449765,-9.381253,17216,NA,0.28,2.25115,-18.526,No_SDSS_Spec,2.30909,Sa/Sb,3.0,Sb,UNK
10.45041,-9.458373,17189,0.057303,0.56,1.8034,-19.839,0655.52162.511,1.02222,S0,1.0,S0,NoE
10.450965,-9.284301,15842,0.052856,0.08,1.3638,-21.492,0656.52148.398,0.583333,E/S0,0.3,E,NoE
10.451835,-8.890473,16693,0.055813,1.49,1.45373,-19.666,0655.52162.566,1.15,S0,1.0,S0,NoE
10.454175,-9.95127,15536,0.051776,2.34,2.36266,-20.917,0655.52162.161,4.05,Sc,4.0,Sc,SFG
10.45461,-9.484073,18388,NA,0.65,1.14936,-19.93,No_SDSS_Spec,0.8125,S0,1.0,S0,UNK
10.45659,-9.295198,15060,NA,0.03,1.54241,63.19,No_SDSS_Spec,3.00909,Sb,1.0,S0,UNK
10.459035,-9.429851,17339,0.057803,0.46,1.80086,-21.959,0655.52162.508,0.416667,E,0.3,E,SFG
10.45974,-9.471731,17278,0.057318,0.61,0.75542,-19.553,0656.52148.394,1.37778,S0/Sa,1.0,S0,NoE
10.45989,-9.327117,17879,0.059365,0.09,3.18923,-19.176,0655.52162.502,2.3375,Sa/Sb,0.3,E,NoE
10.46031,-9.303107,16613,0.055376,0.0,1.58373,-23.409,0656.52148.390,2.17,Sa,0.3,cD,A
10.46163,-9.22936,18041,NA,0.27,1.37008,-18.877,No_SDSS_Spec,4.33333,Sc/Sdm,4.5,Sc/Sdm,UNK
10.463595,-9.259088,15253,NA,0.16,1.26196,-18.863,No_SDSS_Spec,1.79,Sa,1.0,S0,UNK
10.46433,-9.287033,18020,NA,0.06,1.95434,-18.374,No_SDSS_Spec,2.18889,Sa,1.0,S0,UNK
10.46628,-9.616428,16210,0.054087,1.13,2.5891,-19.326,0655.52162.519,1.325,S0/Sa,1.5,S0/Sa,NoE
10.466295,-9.532869,16714,0.055864,0.83,0.3812,-20.071,0656.52148.383,1.03333,S0,1.5,S0/Sa,NoE
10.46736,-9.50411,17124,NA,0.73,1.24238,-22.092,No_SDSS_Spec,0.416667,E,1.5,S0/Sa,UNK
10.46931,-8.81217,15790,0.052743,1.77,1.68047,-19.738,0655.52162.570,1.71111,S0/Sa,3.5,Sb/Sc,TO
10.47015,-9.358375,18304,0.061087,0.2,2.54476,-19.959,0655.52162.509,1.03333,S0,1.5,S0/Sa,NoE
10.471305,-9.521198,17129,NA,0.79,0.7666,-19.912,No_SDSS_Spec,0.6875,S0,1.0,S0,UNK
10.47234,-9.489197,15777,NA,0.67,1.24238,-17.899,No_SDSS_Spec,2.68667,Sa/Sb,1.0,S0,UNK
10.47267,-9.64614,16068,NA,1.24,2.37436,-18.625,No_SDSS_Spec,3.71429,Sb/Sc,5.7,Im,UNK
10.472685,-9.494678,15326,0.050942,0.69,1.24238,-21.58,0656.52148.391,1.78333,Sa,3.0,Sb,LLA
10.47729,-9.432146,17138,0.057175,0.47,2.22424,-20.344,0656.52148.387,1.41429,S0/Sa,0.7,E/S0,NoE
10.477365,-9.320854,15026,NA,0.09,1.78405,-18.977,No_SDSS_Spec,1.62222,S0/Sa,1.0,S0,UNK
10.478175,-9.111456,15947,NA,0.69,0.54468,-20.453,No_SDSS_Spec,0.7,E/S0,0.7,E/S0,UNK
10.482225,-9.042987,17373,0.057934,0.94,1.13441,-20.184,0656.52148.324,0.583333,E/S0,1.5,S0/Sa,NoE
10.484745,-9.382383,17778,0.059336,0.3,1.50466,-19.493,0656.52148.388,0.785714,E/S0,0.3,E,NoE
10.485255,-8.697019,16991,0.056656,2.19,1.65922,-19.368,0655.52162.574,2.94167,Sb,3.0,Sb,NoE
10.48758,-9.713194,17693,0.059026,1.48,0.5805,-19.155,0656.52148.395,1.19,S0,2.0,Sa,NoE
10.488915,-9.589966,15885,0.05311,1.04,2.16443,-20.28,0656.52148.396,2.52727,Sa/Sb,3.0,Sb,A
10.489785,-9.282028,17151,0.057199,0.13,1.56864,-19.571,0655.52162.520,1.63333,S0/Sa,0.3,E,NoE
10.489875,-8.865641,17341,0.058056,1.58,1.36469,-19.39,0655.52162.572,3.44615,Sb/Sc,4.0,Sc,SFG
10.490325,-9.242445,18185,NA,0.24,2.28712,-18.383,No_SDSS_Spec,1.43333,S0/sa,1.0,S0,UNK
10.490745,-9.315422,15150,0.050457,0.12,1.78405,-19.365,0655.52162.503,1.025,S0,1.0,S0,NoE
10.490865,-9.306622,14350,NA,0.11,1.58373,-18.459,No_SDSS_Spec,4.83333,Sdm,4.5,Sc/Sdm,UNK
10.49193,-8.87133,16024,NA,1.56,1.36469,-20.198,No_SDSS_Spec,0.833333,S0,2.0,Sa,UNK
10.494255,-9.486329,17220,NA,0.67,0.76131,-18.902,No_SDSS_Spec,1.97692,Sa,1.0,S0,UNK
10.49445,-9.286904,18353,NA,0.14,1.95434,-18.939,No_SDSS_Spec,1.13333,S0,1.0,S0,UNK
10.49877,-9.416269,16802,NA,0.43,1.2052,-19.027,No_SDSS_Spec,1.15,S0,2.5,Sa/Sb,UNK
10.499295,-9.708637,15500,NA,1.47,0.8579,-19.383,No_SDSS_Spec,4.76923,Sdm,4.5,Sc/Sdm,UNK
10.499535,-9.652776,15761,NA,1.27,2.44899,-21.312,No_SDSS_Spec,1.86667,Sa,2.0,Sa,UNK
10.50222,-9.200684,17863,0.059514,0.4,1.05785,-19.944,0655.52162.505,1.13333,S0,1.0,S0,NoE
10.50258,-9.834542,15648,0.052117,1.92,1.15266,-21.509,0655.52162.175,1.26667,S0/Sa,3.0,Sb,LLA
10.509,-9.671556,14097,NA,1.34,1.69226,-19.911,No_SDSS_Spec,5.5,Sdm/Im,2.5,Sa/Sb,UNK
10.50909,-9.241038,16051,0.053547,0.28,2.28712,-19.456,0655.52162.501,1.63333,S0/Sa,0.3,E,NoE
10.510395,-9.144575,16800,0.05602,0.6,0.28285,-19.73,0655.52162.571,1.12,S0,2.5,Sa/Sb,LLA
10.51365,-9.471066,15672,0.052177,0.64,0.83624,-20.8,0656.52148.381,0.6875,E/S0,2.0,Sa,NoE
10.51983,-9.132468,15910,0.053086,0.65,0.33637,-19.376,0655.52162.568,1.35455,S0/Sa,1.0,S0,NoE
10.521,-9.534405,15832,0.052889,0.86,1.21792,-21.819,0655.52162.555,2.36923,Sa/Sb,4.0,Sc,TO
10.522815,-9.745073,17338,NA,1.61,0.63162,-18.826,No_SDSS_Spec,0.742857,E/S0,1.0,S0,UNK
10.523325,-9.733388,17564,0.058579,1.57,0.8579,-19.499,0655.52162.158,2.3375,Sa/sb,3.0,Sb,LLA
10.52379,-9.239088,17021,NA,0.33,1.88415,-18.781,No_SDSS_Spec,1.97,Sa,1.0,S0,UNK
10.524435,-9.044638,16667,0.055477,0.96,0.49657,-21.129,0655.52162.564,0.416667,E,0.7,E/S0,NoE
10.525035,-9.60181,15865,0.052851,1.1,1.80229,-20.531,0656.52148.399,2.17,Sa,3.0,Sb,LLA
10.52643,-9.559781,15800,NA,0.96,1.39285,-18.797,No_SDSS_Spec,4.04167,Sc,4.5,Sc/Sdm,UNK
10.53009,-9.872794,17009,0.056662,2.07,1.01839,-20.867,0655.52162.150,0.7,E/S0,2.0,Sa,NoE
10.530165,-9.607208,14215,NA,1.13,3.12354,-18.447,No_SDSS_Spec,4.375,Sc/Sdm,4.5,Sc/Sdm,UNK
10.53066,-9.238499,16647,0.055659,0.34,2.59577,-19.759,0655.52162.548,1.68462,S0/Sa,1.0,S0,NoE
10.531725,-9.476528,17075,0.056993,0.68,1.23077,-20.015,0656.52148.384,2.6125,Sa/Sb,1.5,S0/Sa,LLA
10.534785,-9.12198,18248,NA,0.71,0.76739,-18.403,No_SDSS_Spec,2.64545,Sa/Sb,2.5,Sa/Sb,UNK
10.5348,-9.517952,16963,NA,0.82,0.97208,-18.813,No_SDSS_Spec,3.04167,Sb,4.0,Sc,UNK
10.536,-9.509377,15929,NA,0.79,0.99402,-18.935,No_SDSS_Spec,1.39,S0/Sa,1.5,S0/Sa,UNK
10.53771,-9.433746,17593,0.058678,0.55,0.88702,-19.556,0655.52162.552,1.025,S0,1.0,S0,NoE
10.54089,-9.481209,16739,NA,0.7,1.23077,-18.853,No_SDSS_Spec,4.18,Sc,4.5,Sc/Sdm,UNK
10.542225,-9.665884,16805,NA,1.34,2.2371,-19.014,No_SDSS_Spec,1.44545,S0/Sa,1.0,S0,UNK
10.54284,-8.931012,17670,0.058941,1.37,1.4466,-20.419,0655.52162.563,2.07857,Sa,2.5,Sa/Sb,LLA
10.546035,-9.508372,16431,0.054752,0.8,1.0414,-20.313,0655.52162.556,1.97,Sa,1.5,S0/Sa,NoE
10.54866,-9.970545,16188,0.053979,2.43,0.97307,-19.009,0656.52148.265,2.89091,Sb,1.0,S0,SFG
10.54896,-9.459106,17076,0.057013,0.65,0.99199,-19.515,0655.52162.553,1.03333,S0,0.7,E/S0,NoE
10.549635,-9.88193,16296,0.054336,2.11,0.48217,-20.763,0656.52148.266,2.23846,Sa,3.5,Sb/Sc,NoE
10.54971,-9.36759,15560,NA,0.4,0.6054,-20.492,No_SDSS_Spec,0.642857,E/S0,1.0,S0,UNK
10.555845,-9.371332,16810,NA,0.42,0.87823,-19.014,No_SDSS_Spec,1.65714,S0/Sa,1.0,S0,UNK
10.557585,-9.412468,15618,NA,0.53,0.82171,-18.391,No_SDSS_Spec,1.975,Sa,2.0,Sa,UNK
10.56378,-9.439323,16603,0.055376,0.62,0.90793,-19.141,0655.52162.550,1.60909,S0/Sa,0.7,E/S0,NoE
10.56618,-9.393157,16699,NA,0.5,0.87823,-19.037,No_SDSS_Spec,1.88182,Sa,1.0,S0,UNK
10.5663,-9.547808,17762,0.059136,0.96,1.39034,-21.138,0656.52148.397,0.583333,E/S0,1.5,S0/Sa,LLA
10.57068,-9.186162,17010,NA,0.58,1.57123,-18.982,No_SDSS_Spec,1.39,S0/Sa,1.5,S0/Sa,UNK
10.571955,-9.479929,15863,0.052901,0.75,1.04414,-20.328,0655.52162.551,3.41667,Sb/Sc,3.5,Sb/Sc,LLA
10.57341,-9.027213,15874,0.052741,1.08,0.21242,-19.412,0656.52148.329,1.71111,S0/Sa,1.5,S0/Sa,NoE
10.57461,-8.808852,16957,0.056527,1.83,1.63668,-20.317,0655.52162.608,0.885714,E/S0,2.0,Sa,NoE
10.576995,-9.653462,15456,0.051494,1.33,2.3114,-19.428,0655.52162.558,4.68182,Sc/Sdm,5.0,Sdm,SFG
10.577985,-9.903746,15577,0.05217,2.21,1.30015,-19.009,0655.52162.156,4.85,Sdm,5.0,Sdm,SFG
10.578135,-9.257901,16785,0.055766,0.46,2.35803,-21.073,0655.52162.544,0.416667,E,1.5,S0/Sa,LLA
10.579995,-9.387641,17415,0.058153,0.53,1.08611,-20.293,0655.52162.545,2.05833,Sa,2.0,Sa,NoE
10.582845,-9.424322,15269,0.051129,0.62,0.65407,-19.525,0656.52148.385,4.20833,Sc,3.0,Sb,SFG
10.583055,-9.858928,16787,0.056039,2.05,0.6127,-19.384,0655.52162.153,2.06923,Sa,1.0,S0,NoE
10.58316,-9.35515,16897,0.056337,0.48,0.92192,-20.146,0656.52148.436,0.583333,E/S0,1.5,S0/Sa,NoE
10.58445,-9.367219,14426,NA,0.5,0.92192,-18.691,No_SDSS_Spec,2.31538,Sa/Sb,2.5,Sa/Sb,UNK
10.59027,-9.116648,15750,0.052395,0.82,0.63146,-20.672,0656.52148.325,1.41818,S0/Sa,3.0,Sb,NoE
10.591155,-9.823025,17302,NA,1.93,0.66063,-19.226,No_SDSS_Spec,1.36,S0/Sa,3.0,Sb,UNK
10.59693,-9.812985,16513,0.054977,1.9,1.05568,-20.644,0655.52162.157,1.03333,S0,2.0,Sa,NoE
10.600545,-9.164827,16227,NA,0.71,1.08144,-18.905,No_SDSS_Spec,1.29,S0/Sa,1.0,S0,UNK
10.60095,-9.271268,18184,0.060674,0.52,1.87285,-20.652,0655.52162.541,2.25455,Sa/Sb,3.5,Sb/Sc,TO
10.60197,-9.873667,17293,0.0577,2.12,0.64036,-20.156,0655.52162.142,1.17143,S0,1.5,S0/Sa,NoE
10.60356,-9.205395,16672,0.05551,0.63,1.80333,-19.292,0655.52162.542,1.26364,S0/Sa,1.0,S0,NoE
10.60638,-9.619152,16956,0.056439,1.26,0.92543,-19.374,0655.52162.557,2.2,Sa,1.5,S0/Sa,NoE
10.61415,-9.424627,17017,0.056751,0.71,0.58828,-19.819,0655.52162.554,1.03333,S0,2.0,Sa,NoE
10.61541,-8.764098,16653,0.055727,2.02,1.7217,-21.803,0655.52162.605,0.583333,E/S0,0.3,E,LLA
10.6182,-9.827301,14999,0.050054,1.97,1.33299,-19.078,0655.52162.154,2.1,Sa,2.5,Sa/Sb,SFG
10.620795,-9.263772,17502,NA,0.6,1.65452,-18.478,No_SDSS_Spec,2.38,Sa/Sb,4.5,Sc/Sdm,UNK
10.622805,-10.018571,15191,0.050599,2.65,0.4129,-19.654,0655.52162.160,4.90909,Sdm,5.7,Im,SFG
10.625385,-9.008788,17414,0.058007,1.22,0.93766,-19.488,0656.52148.327,1.40833,S0/Sa,0.3,E,NoE
10.63572,-9.454182,17230,0.057376,0.83,1.20471,-19.043,0655.52162.593,2.03636,Sa,1.0,S0,NoE
10.6368,-9.362281,17064,NA,0.67,0.55769,-18.439,No_SDSS_Spec,4.54167,Sc/Sdm,5.7,Im,UNK
10.636845,-9.873336,17691,NA,2.15,0.73991,-18.72,No_SDSS_Spec,2.06,Sa,3.0,Sb,UNK
10.638435,-9.906037,16260,NA,2.27,0.50146,-17.921,No_SDSS_Spec,4.11538,Sc,3.0,Sb,UNK
10.640655,-8.88153,17780,0.059124,1.65,0.97352,-20.985,0655.52162.610,1.8,Sa,3.0,Sb,SFG
10.64109,-9.17799,16842,NA,0.79,1.08389,-21.506,No_SDSS_Spec,0.583333,E/S0,1.5,S0/Sa,UNK
10.641285,-9.146099,16685,0.055613,0.86,1.55052,-20.506,0655.52162.618,2.11667,Sa,3.5,Sb/Sc,SFG
10.6416,-9.911684,17540,0.05857,2.29,0.50146,-21.574,0655.52162.152,0.3,E,0.3,E,NoE
10.642305,-9.180871,16341,0.054458,0.79,1.29459,-20.07,0656.52148.375,1.13333,S0,2.0,Sa,NoE
10.644435,-9.076769,14969,0.050263,1.05,0.45183,-19.803,0655.52162.604,3.91667,Sc,3.0,Sb,SFG
10.64445,-9.898994,17553,NA,2.25,0.73991,-20.66,No_SDSS_Spec,0.8125,S0,1.0,S0,UNK
10.64481,-9.655015,16363,0.054515,1.43,0.55363,-22.124,0655.52162.600,0.583333,E/S0,2.5,Sa/Sb,LLA
10.64865,-9.063407,16337,NA,1.1,1.56463,-20.58,No_SDSS_Spec,0.885714,S0,1.5,S0/Sa,UNK
10.6545,-9.755677,16764,NA,1.78,0.28719,-18.861,No_SDSS_Spec,3.3625,Sb/Sc,3.0,Sb,UNK
10.66332,-9.335302,16057,0.0536,0.74,0.65226,-19.662,0655.52162.587,1.44545,S0/Sa,3.0,Sb,NoE
10.664775,-9.514927,17270,0.057444,1.06,2.52951,-20.771,0655.52162.595,0.642857,E/S0,0.3,E,SFG
10.6677,-9.399157,16497,0.055003,0.82,0.391,-19.364,0655.52162.589,1.44545,S0/Sa,1.0,S0,NoE
10.668015,-9.737969,16800,NA,1.74,0.40973,-20.487,No_SDSS_Spec,2.14,Sa,1.5,S0/Sa,UNK
10.672485,-9.702145,16460,NA,1.63,0.30269,-18.566,No_SDSS_Spec,2.37273,Sa/Sb,3.0,Sb,UNK
10.6728,-8.946957,15149,0.050387,1.5,0.07011,-21.13,0655.52162.607,2.675,Sa/Sb,4.0,Sc,SFG
10.674945,-9.800408,17492,0.058225,1.95,0.72974,-19.174,0656.52148.263,2.51,Sa/Sb,3.0,Sb,NoE
10.67607,-8.924459,16996,0.056659,1.57,0.09192,-21.063,0655.52162.601,0.8125,E/S0,1.5,S0/Sa,NoE
10.677285,-9.848274,16585,0.05525,2.12,0.13505,-19.46,0656.52148.273,2.25833,Sa/Sb,3.0,Sb,NoE
10.68297,-9.739085,15232,0.050725,1.77,1.08221,-20.662,0656.52148.277,2.07,Sa,3.0,Sb,TO
10.68363,-10.003089,16419,0.05475,2.65,0.55806,-20.32,0655.52162.110,0.583333,E/S0,2.0,Sa,LLA
10.684185,-8.936546,16109,NA,1.55,0.09192,-20.979,No_SDSS_Spec,0.583333,E/S0,1.5,S0/Sa,UNK
10.686,-9.517432,17068,0.056785,1.12,1.53725,-20.82,0656.52148.423,0.885714,E/S0,0.7,E/S0,A
10.68618,-9.554474,16342,0.054448,1.22,1.50196,-21.4,0655.52162.594,0.416667,E,0.7,E/S0,NoE
10.688175,-9.637123,17183,NA,1.46,0.53431,-18.061,No_SDSS_Spec,3.6,Sb/Sc,3.0,Sb,UNK
10.6917,-9.24003,16519,NA,0.86,1.44735,-17.812,No_SDSS_Spec,4.34545,Sc/Sdm,4.5,Sc/Sdm,UNK
10.7016,-9.578017,17934,0.059884,1.32,1.31975,-19.869,0655.52162.596,4.22222,Sc,5.0,Sdm,SFG
10.708515,-10.002643,15956,NA,2.68,0.30913,-18.555,No_SDSS_Spec,4.2,Sc,4.5,Sc/Sdm,UNK
10.715355,-9.773366,18359,NA,1.93,1.38094,-18.663,No_SDSS_Spec,2.70909,Sa/Sb,3.0,Sb,UNK
10.716075,-9.807764,16639,0.055487,2.04,1.66149,-20.807,0656.52148.271,0.583333,E/S0,2.0,Sa,LLA
10.720005,-9.703813,14834,0.04955,1.72,1.16156,-20.314,0655.52162.599,1.02222,S0,3.0,Sb,LLA
10.72905,-9.813852,15212,NA,2.08,2.37565,-18.552,No_SDSS_Spec,2.58125,Sa/Sb,2.5,Sa/Sb,UNK
10.731465,-9.748689,15455,0.05164,1.88,2.2503,-20.173,0655.52162.116,1.3625,S0/Sa,1.0,S0,LLA
10.74441,-8.918222,17081,NA,1.72,0.53265,-18.921,No_SDSS_Spec,4.125,Sc,1.5,S0/Sa,UNK
10.744635,-9.486245,17948,0.059855,1.22,1.21402,-19.354,0655.52162.590,2.34167,Sa/Sb,3.0,Sb,NoE
10.7448,-9.515399,18610,NA,1.28,1.21402,-18.697,No_SDSS_Spec,3.88889,Sc,3.0,Sb,UNK
10.756035,-9.858642,15353,0.051138,2.27,2.63763,-20.716,0655.52162.114,1.07778,S0,2.5,Sa/Sb,NoE
10.756845,-10.028671,17225,0.057599,2.83,0.51983,-19.639,0656.52148.231,1.33846,S0/Sa,2.0,Sa,NoE
10.757145,-9.792623,15110,NA,2.06,2.9432,-19.667,No_SDSS_Spec,3.69167,Sb/Sc,4.0,Sc,UNK
10.75836,-9.777824,14724,NA,2.02,2.9432,-20.275,No_SDSS_Spec,1.4875,S0/Sa,0.7,E/S0,UNK
10.76733,-9.545308,15846,0.052767,1.41,1.29699,-20.469,0656.52148.432,1.87,Sa,3.5,Sb/Sc,SFG
10.77198,-9.425803,16311,0.054362,1.21,0.48776,-20.709,0656.52148.430,0.785714,E/S0,2.5,Sa/Sb,NoE
10.773885,-9.812365,15795,NA,2.16,3.24231,-18.865,No_SDSS_Spec,2.15,Sa,3.0,Sb,UNK
10.77498,-9.837334,14767,0.049195,2.24,3.24231,-21.052,0656.52148.239,2.24,Sa,3.0,Sb,SFG
10.77651,-9.860992,17727,NA,2.31,2.80749,-19.092,No_SDSS_Spec,2.36923,Sa/Sb,3.5,Sb/Sc,UNK
10.783785,-9.579012,14995,0.050114,1.53,1.20988,-19.121,0656.52148.476,4.76923,Sdm,5.7,Im,SFG
10.784085,-9.827035,15185,NA,2.22,2.86608,-20.352,No_SDSS_Spec,2.37778,Sa/Sb,1.5,S0/sa,UNK
10.790715,-10.078548,15960,NA,3.04,1.44695,-19.255,No_SDSS_Spec,4.38,Sc/Sdm,4.0,Sc,UNK
10.792125,-9.861465,15167,0.05043,2.34,2.80749,-22.417,0656.52148.237,0.583333,E/S0,0.3,E,A
10.793355,-9.056859,17342,0.05772,1.49,2.29435,-21.224,0655.52162.606,1.13333,S0,2.0,Sa,NoE
10.79544,-9.681647,16489,0.055002,1.82,2.5482,-21.842,0655.52162.634,1.91,Sa,3.0,Sb,LLA
10.795605,-9.377683,16882,NA,1.24,0.26022,-18.98,No_SDSS_Spec,2.75833,Sb,3.0,Sb,UNK
10.795635,-9.300099,15945,NA,1.21,1.80269,-18.523,No_SDSS_Spec,3.90909,Sc,3.5,Sb/Sc,UNK
10.79826,-9.637826,16352,0.054212,1.72,0.72682,-21.839,0655.52162.639,2.73571,Sa/Sb,3.5,Sb/Sc,A
10.80693,-9.449235,16905,0.056428,1.36,0.81627,-19.301,0655.52162.630,1.39,S0,1.0,S0,NoE
10.80975,-9.172602,15008,NA,1.35,1.85844,-18.248,No_SDSS_Spec,4.68182,Sc/Sdm,4.5,Sc/Sdm,UNK
10.81626,-8.899054,14894,NA,1.94,1.34467,-17.711,No_SDSS_Spec,4.5,Sc/Sdm,5.7,Im,UNK
10.824435,-9.597549,17475,0.058541,1.69,1.11772,-19.674,0656.52148.465,2.38333,Sa/Sb,3.0,Sb,NoE
10.83147,-9.153409,15060,NA,1.44,1.72862,-17.734,No_SDSS_Spec,4.4,Sc/Sdm,5.7,Im,UNK
10.84512,-9.276518,16168,NA,1.39,2.08823,-18.635,No_SDSS_Spec,3.41667,Sb/Sc,3.5,Sb/Sc,UNK
10.84923,-9.864849,14885,0.049811,2.46,2.33207,-19.665,0655.52162.076,1.025,S0,1.0,S0,A
10.85019,-9.848671,17860,0.059471,2.42,2.33207,-20.544,0655.52162.072,0.583333,E/S0,1.5,S0/Sa,NoE
10.86915,-10.081034,17394,0.057641,3.17,0.94803,-20.956,0655.52162.064,0.583333,E/S0,1.0,S0,LLA
10.87041,-9.913635,15228,NA,2.65,2.33207,-17.707,No_SDSS_Spec,3.23571,Sb,4.5,Sc/Sdm,UNK
10.87701,-9.733163,15157,0.050698,2.16,1.23136,-20.587,0655.52162.077,3.35333,Sb/Sc,4.0,Sc,SFG
10.879815,-9.862886,16582,0.05543,2.52,2.33207,-20.329,0655.52162.073,4.58333,Sc/Sdm,5.0,Sdm,SFG
10.88535,-9.126492,16630,0.055296,1.66,1.61003,-19.271,0655.52162.617,1.89167,Sa,1.0,S0,NoE
10.891845,-8.843606,14989,0.049904,2.27,1.53358,-20.204,0656.52148.361,4.76923,Sdm,4.5,Sc/Sdm,SFG
10.90128,-9.429911,15051,0.05026,1.65,0.56125,-21.147,0655.52162.622,2.23333,Sa,2.5,Sa/Sb,SFG
10.904187,-9.573762,17347,0.057872,1.86,1.18684,-36.809,0656.52148.462,1.85455,Sa,3.0,Sb,NoE
10.91154,-9.522396,15068,0.050043,1.81,0.77243,-20.148,0655.52162.628,4.76923,Sdm,4.0,Sc,SFG
10.92852,-9.125459,16403,0.054633,1.81,1.61003,-20.603,0656.52148.371,1.18333,S0,3.0,Sb,NoE
10.93323,-9.073021,14830,NA,1.9,1.89429,-19.887,No_SDSS_Spec,4.75,Sdm,4.0,Sc,UNK
10.972575,-9.537357,16514,0.055096,2.03,0.7898,-19.474,0656.52148.463,2.96364,Sb,3.0,Sb,NoE
10.97418,-8.962656,16441,0.054832,2.22,1.5901,-18.977,0656.52148.364,2.35833,Sa/Sb,3.0,Sb,NoE
10.97952,-9.728811,16778,0.055809,2.42,0.52918,-20.448,0656.52148.235,1.07,S0,0.7,E/S0,NoE
11.00943,-9.726333,16925,0.056293,2.5,0.33067,-20.109,0655.52162.638,1.13333,S0,0.7,E/S0,NoE
11.01717,-9.684804,14892,NA,2.43,0.92639,-18.382,No_SDSS_Spec,4.23077,Sc/Sdm,5.5,Sdm/Im,UNK
11.07231,-9.643737,16495,NA,2.53,0.92639,-18.41,No_SDSS_Spec,3.91667,Sc,4.0,Sc,UNK
11.076675,-9.048582,17039,0.057365,2.4,2.26773,-20.415,0656.52148.365,0.742857,E/S0,2.0,Sa,TO
11.07858,-9.528787,16692,0.055796,2.37,0.94086,-19.161,0656.52148.478,2.42,Sa/Sb,3.0,Sb,NoE
11.164515,-9.702679,17095,0.056673,2.92,0.92639,-19.353,0656.52148.493,2.69,Sa/Sb,3.0,Sb,NoE